BenchmarkInit,       1,2798686052 ns/op,370713056 B/op, 4686812 allocs/op
BenchmarkGeneExpression,     500,   5057251 ns/op,  309231 B/op,    1681 allocs/op
BenchmarkAverageDiff,       1,1004578928 ns/op,  303576 B/op,    1734 allocs/op
BenchmarkStd,    1000,   1879738 ns/op,  299010 B/op,    1707 allocs/op
BenchmarkVariance,    1000,   2210849 ns/op,  305593 B/op,    1716 allocs/op
BenchmarkSetScale,   20000,     93276 ns/op,    7946 B/op,      87 allocs/op
BenchmarkBackground,    2000,   1116945 ns/op,  284808 B/op,    1560 allocs/op
BenchmarkInit,       1,2827422318 ns/op,370707456 B/op, 4686864 allocs/op
BenchmarkGeneExpression,     500,   4923202 ns/op,  309272 B/op,    1681 allocs/op
BenchmarkAverageDiff,       1,1004436235 ns/op,  347096 B/op,    1738 allocs/op
BenchmarkStd,    1000,   2267980 ns/op,  305269 B/op,    1712 allocs/op
BenchmarkVariance,    1000,   2245584 ns/op,  305152 B/op,    1715 allocs/op
BenchmarkSetScale,   20000,     80763 ns/op,    7946 B/op,      87 allocs/op
BenchmarkBackground,    2000,   1132124 ns/op,  285053 B/op,    1561 allocs/op
BenchmarkInit,       1,2705632327 ns/op,370769024 B/op, 4687255 allocs/op
BenchmarkGeneExpression,     500,   4853141 ns/op,  309254 B/op,    1681 allocs/op
BenchmarkAverageDiff,       1,1003293740 ns/op,  303992 B/op,    1733 allocs/op
BenchmarkStd,    1000,   2297788 ns/op,  305154 B/op,    1712 allocs/op
BenchmarkVariance,    1000,   2273369 ns/op,  305430 B/op,    1716 allocs/op
BenchmarkSetScale,   20000,     81115 ns/op,    7946 B/op,      87 allocs/op
BenchmarkBackground,    2000,   1127722 ns/op,  284838 B/op,    1560 allocs/op
BenchmarkInit,       1,2766082096 ns/op,370720368 B/op, 4686872 allocs/op
BenchmarkGeneExpression,     500,   4805969 ns/op,  309357 B/op,    1681 allocs/op
BenchmarkAverageDiff,       1,1003697189 ns/op,  304248 B/op,    1734 allocs/op
BenchmarkStd,    1000,   2293352 ns/op,  305262 B/op,    1712 allocs/op
BenchmarkVariance,    1000,   2285420 ns/op,  304835 B/op,    1715 allocs/op
BenchmarkSetScale,   20000,     84537 ns/op,    7945 B/op,      87 allocs/op
BenchmarkBackground,    2000,   1152369 ns/op,  284904 B/op,    1560 allocs/op
BenchmarkInit,       1,2592762557 ns/op,370740384 B/op, 4687105 allocs/op
BenchmarkGeneExpression,     500,   4956564 ns/op,  309293 B/op,    1681 allocs/op
BenchmarkAverageDiff,       1,1003268941 ns/op,  304088 B/op,    1732 allocs/op
BenchmarkStd,    1000,   2258641 ns/op,  305317 B/op,    1712 allocs/op
BenchmarkVariance,    1000,   2224554 ns/op,  305359 B/op,    1716 allocs/op
BenchmarkSetScale,   20000,     84864 ns/op,    7946 B/op,      87 allocs/op
BenchmarkBackground,    2000,   1109142 ns/op,  284929 B/op,    1560 allocs/op
BenchmarkInit,       1,2592772092 ns/op,370660448 B/op, 4686591 allocs/op
BenchmarkGeneExpression,     500,   4990822 ns/op,  309333 B/op,    1681 allocs/op
BenchmarkAverageDiff,       1,1003963889 ns/op,  303512 B/op,    1734 allocs/op
BenchmarkStd,    1000,   2268194 ns/op,  305395 B/op,    1712 allocs/op
BenchmarkVariance,    1000,   2239333 ns/op,  305185 B/op,    1715 allocs/op
BenchmarkSetScale,   20000,     84030 ns/op,    7946 B/op,      87 allocs/op
BenchmarkBackground,    2000,   1110162 ns/op,  284937 B/op,    1560 allocs/op
BenchmarkInit,       1,2629175918 ns/op,370696912 B/op, 4686771 allocs/op
BenchmarkGeneExpression,     500,   4933899 ns/op,  309314 B/op,    1681 allocs/op
BenchmarkAverageDiff,       1,1004009007 ns/op,  304104 B/op,    1732 allocs/op
BenchmarkStd,    1000,   2265067 ns/op,  305470 B/op,    1712 allocs/op
BenchmarkVariance,    1000,   2231832 ns/op,  304888 B/op,    1715 allocs/op
BenchmarkSetScale,   20000,     85288 ns/op,    7946 B/op,      87 allocs/op
BenchmarkBackground,    2000,   1112323 ns/op,  284947 B/op,    1560 allocs/op
BenchmarkInit,       1,2639252428 ns/op,370706640 B/op, 4686948 allocs/op
BenchmarkGeneExpression,     500,   5007246 ns/op,  309361 B/op,    1681 allocs/op
BenchmarkAverageDiff,       1,1005955074 ns/op,  304168 B/op,    1733 allocs/op
BenchmarkStd,    1000,   2257590 ns/op,  305096 B/op,    1713 allocs/op
BenchmarkVariance,    1000,   2231825 ns/op,  305447 B/op,    1716 allocs/op
BenchmarkSetScale,   20000,     83548 ns/op,    7947 B/op,      87 allocs/op
BenchmarkBackground,    2000,   1103497 ns/op,  284924 B/op,    1561 allocs/op
BenchmarkInit,       1,2627678500 ns/op,370655824 B/op, 4686594 allocs/op
BenchmarkGeneExpression,     500,   4955715 ns/op,  309225 B/op,    1681 allocs/op
BenchmarkAverageDiff,       1,1003171499 ns/op,  304264 B/op,    1733 allocs/op
BenchmarkStd,    1000,   2263661 ns/op,  305518 B/op,    1712 allocs/op
BenchmarkVariance,    1000,   2231745 ns/op,  305121 B/op,    1715 allocs/op
BenchmarkSetScale,   20000,     83993 ns/op,    7945 B/op,      87 allocs/op
BenchmarkBackground,    2000,   1107105 ns/op,  284916 B/op,    1560 allocs/op
BenchmarkInit,       1,2596226485 ns/op,370688928 B/op, 4686749 allocs/op
BenchmarkGeneExpression,     500,   5001610 ns/op,  309286 B/op,    1681 allocs/op
BenchmarkAverageDiff,       1,1004426214 ns/op,  304264 B/op,    1734 allocs/op
BenchmarkStd,    1000,   2263355 ns/op,  305125 B/op,    1712 allocs/op
BenchmarkVariance,    1000,   2228979 ns/op,  305067 B/op,    1715 allocs/op
BenchmarkSetScale,   20000,     83556 ns/op,    7945 B/op,      87 allocs/op
BenchmarkBackground,    2000,   1108311 ns/op,  284960 B/op,    1560 allocs/op
BenchmarkInit,       1,2635908639 ns/op,370790128 B/op, 4687323 allocs/op
BenchmarkGeneExpression,     500,   4993909 ns/op,  309161 B/op,    1681 allocs/op
BenchmarkAverageDiff,       1,1004614663 ns/op,  304264 B/op,    1733 allocs/op
BenchmarkStd,    1000,   2275123 ns/op,  305016 B/op,    1712 allocs/op
BenchmarkVariance,    1000,   2241585 ns/op,  304962 B/op,    1715 allocs/op
BenchmarkSetScale,   20000,     85833 ns/op,    7946 B/op,      87 allocs/op
BenchmarkBackground,    2000,   1110982 ns/op,  284954 B/op,    1561 allocs/op
BenchmarkInit,       1,2622060359 ns/op,370769552 B/op, 4687230 allocs/op
BenchmarkGeneExpression,     500,   4989456 ns/op,  309266 B/op,    1681 allocs/op
BenchmarkAverageDiff,       1,1003914864 ns/op,  304280 B/op,    1734 allocs/op
BenchmarkStd,    1000,   2264205 ns/op,  305370 B/op,    1712 allocs/op
BenchmarkVariance,    1000,   2234442 ns/op,  305354 B/op,    1715 allocs/op
BenchmarkSetScale,   20000,     84503 ns/op,    7946 B/op,      87 allocs/op
BenchmarkBackground,    2000,   1111749 ns/op,  284948 B/op,    1560 allocs/op
BenchmarkInit,       1,2594337761 ns/op,370670768 B/op, 4686651 allocs/op
BenchmarkGeneExpression,     500,   4860295 ns/op,  309316 B/op,    1681 allocs/op
BenchmarkAverageDiff,       1,1004721895 ns/op,  303528 B/op,    1733 allocs/op
BenchmarkStd,    1000,   2271225 ns/op,  305119 B/op,    1712 allocs/op
BenchmarkVariance,    1000,   2234239 ns/op,  305077 B/op,    1715 allocs/op
BenchmarkSetScale,   20000,     83056 ns/op,    7945 B/op,      87 allocs/op
BenchmarkBackground,    2000,   1124476 ns/op,  284954 B/op,    1560 allocs/op
BenchmarkInit,       1,2586361372 ns/op,370780576 B/op, 4687280 allocs/op
BenchmarkGeneExpression,     500,   5028280 ns/op,  309287 B/op,    1682 allocs/op
BenchmarkAverageDiff,       1,1003155702 ns/op,  303528 B/op,    1733 allocs/op
BenchmarkStd,    1000,   2330155 ns/op,  305428 B/op,    1713 allocs/op
BenchmarkVariance,    1000,   2220369 ns/op,  305326 B/op,    1716 allocs/op
BenchmarkSetScale,   20000,     83655 ns/op,    7949 B/op,      87 allocs/op
BenchmarkBackground,    2000,   1113671 ns/op,  284894 B/op,    1561 allocs/op
BenchmarkInit,       1,2615613816 ns/op,370669632 B/op, 4686603 allocs/op
BenchmarkGeneExpression,     500,   4979174 ns/op,  309259 B/op,    1681 allocs/op
BenchmarkAverageDiff,       1,1002912460 ns/op,  304280 B/op,    1734 allocs/op
BenchmarkStd,    1000,   2269528 ns/op,  305512 B/op,    1712 allocs/op
BenchmarkVariance,    1000,   2248727 ns/op,  304685 B/op,    1715 allocs/op
BenchmarkSetScale,   20000,     84467 ns/op,    7946 B/op,      87 allocs/op
BenchmarkBackground,    2000,   1110331 ns/op,  284895 B/op,    1560 allocs/op
BenchmarkInit,       1,2622624856 ns/op,370817392 B/op, 4687115 allocs/op
BenchmarkGeneExpression,     500,   4962176 ns/op,  309300 B/op,    1681 allocs/op
BenchmarkAverageDiff,       1,1003213090 ns/op,  304280 B/op,    1734 allocs/op
BenchmarkStd,    1000,   2262708 ns/op,  305494 B/op,    1712 allocs/op
BenchmarkVariance,    1000,   2241053 ns/op,  304813 B/op,    1715 allocs/op
BenchmarkSetScale,   20000,     84403 ns/op,    7946 B/op,      87 allocs/op
BenchmarkBackground,    2000,   1105720 ns/op,  284922 B/op,    1561 allocs/op
BenchmarkInit,       1,2590286522 ns/op,370703712 B/op, 4686916 allocs/op
BenchmarkGeneExpression,     500,   4985157 ns/op,  309364 B/op,    1681 allocs/op
BenchmarkAverageDiff,       1,1003693327 ns/op,  347640 B/op,    1736 allocs/op
BenchmarkStd,    1000,   2259341 ns/op,  305410 B/op,    1712 allocs/op
BenchmarkVariance,    1000,   2230979 ns/op,  305233 B/op,    1715 allocs/op
BenchmarkSetScale,   20000,     85326 ns/op,    7946 B/op,      87 allocs/op
BenchmarkBackground,    2000,   1107126 ns/op,  284923 B/op,    1560 allocs/op
BenchmarkInit,       1,2601728653 ns/op,370774208 B/op, 4687272 allocs/op
BenchmarkGeneExpression,     500,   4866184 ns/op,  309233 B/op,    1681 allocs/op
BenchmarkAverageDiff,       1,1002997949 ns/op,  303448 B/op,    1732 allocs/op
BenchmarkStd,    1000,   2278688 ns/op,  305115 B/op,    1712 allocs/op
BenchmarkVariance,    1000,   2229710 ns/op,  305362 B/op,    1715 allocs/op
BenchmarkSetScale,   20000,     83362 ns/op,    7946 B/op,      87 allocs/op
BenchmarkBackground,    2000,   1112267 ns/op,  284906 B/op,    1560 allocs/op
BenchmarkInit,       1,2600507237 ns/op,370686688 B/op, 4686723 allocs/op
BenchmarkGeneExpression,     500,   4915331 ns/op,  309253 B/op,    1681 allocs/op
BenchmarkAverageDiff,       1,1004650785 ns/op,  347768 B/op,    1737 allocs/op
BenchmarkStd,    1000,   2259012 ns/op,  305422 B/op,    1712 allocs/op
BenchmarkVariance,    1000,   2229776 ns/op,  304879 B/op,    1715 allocs/op
BenchmarkSetScale,   20000,     84568 ns/op,    7946 B/op,      87 allocs/op
BenchmarkBackground,    2000,   1114880 ns/op,  284875 B/op,    1560 allocs/op
BenchmarkInit,       1,2597129632 ns/op,370669392 B/op, 4686618 allocs/op
BenchmarkGeneExpression,     500,   4920485 ns/op,  309356 B/op,    1681 allocs/op
BenchmarkAverageDiff,       1,1003225734 ns/op,  304296 B/op,    1734 allocs/op
BenchmarkStd,    1000,   2266809 ns/op,  305398 B/op,    1712 allocs/op
BenchmarkVariance,    1000,   2223977 ns/op,  305227 B/op,    1716 allocs/op
BenchmarkSetScale,   20000,     85908 ns/op,    7946 B/op,      87 allocs/op
BenchmarkBackground,    2000,   1108283 ns/op,  284942 B/op,    1560 allocs/op
BenchmarkInit,       1,2597109747 ns/op,370689408 B/op, 4686790 allocs/op
BenchmarkGeneExpression,     500,   4925389 ns/op,  309195 B/op,    1681 allocs/op
BenchmarkAverageDiff,       1,1003865595 ns/op,  347864 B/op,    1738 allocs/op
BenchmarkStd,    1000,   2258580 ns/op,  305248 B/op,    1712 allocs/op
BenchmarkVariance,    1000,   2218405 ns/op,  305287 B/op,    1715 allocs/op
BenchmarkSetScale,   20000,     84628 ns/op,    7946 B/op,      87 allocs/op
BenchmarkBackground,    2000,   1109803 ns/op,  284922 B/op,    1560 allocs/op
BenchmarkInit,       1,2589431183 ns/op,370723568 B/op, 4686919 allocs/op
BenchmarkGeneExpression,     500,   4985029 ns/op,  309294 B/op,    1681 allocs/op
BenchmarkAverageDiff,       1,1004598030 ns/op,  305416 B/op,    1735 allocs/op
BenchmarkStd,    1000,   2265662 ns/op,  305147 B/op,    1712 allocs/op
BenchmarkVariance,    1000,   2224847 ns/op,  305275 B/op,    1715 allocs/op
BenchmarkSetScale,   20000,     83176 ns/op,    7945 B/op,      87 allocs/op
BenchmarkBackground,    2000,   1119013 ns/op,  284976 B/op,    1560 allocs/op
BenchmarkInit,       1,2631036626 ns/op,370682368 B/op, 4686816 allocs/op
BenchmarkGeneExpression,     500,   4872332 ns/op,  309340 B/op,    1682 allocs/op
BenchmarkAverageDiff,       1,1004693594 ns/op,  348024 B/op,    1740 allocs/op
BenchmarkStd,    1000,   2272568 ns/op,  305442 B/op,    1713 allocs/op
BenchmarkVariance,    1000,   2251936 ns/op,  305439 B/op,    1716 allocs/op
BenchmarkSetScale,   20000,     84850 ns/op,    7947 B/op,      87 allocs/op
BenchmarkBackground,    2000,   1112111 ns/op,  284956 B/op,    1561 allocs/op
BenchmarkInit,       1,2593258470 ns/op,370696112 B/op, 4686859 allocs/op
BenchmarkGeneExpression,     500,   4874595 ns/op,  309366 B/op,    1681 allocs/op
BenchmarkAverageDiff,       1,1005954360 ns/op,  347112 B/op,    1737 allocs/op
BenchmarkStd,    1000,   2283207 ns/op,  305245 B/op,    1712 allocs/op
BenchmarkVariance,    1000,   2223056 ns/op,  305392 B/op,    1715 allocs/op
BenchmarkSetScale,   20000,     83216 ns/op,    7947 B/op,      87 allocs/op
BenchmarkBackground,    2000,   1111042 ns/op,  284832 B/op,    1560 allocs/op
BenchmarkInit,       1,2611213112 ns/op,370745904 B/op, 4687153 allocs/op
BenchmarkGeneExpression,     500,   4938355 ns/op,  309350 B/op,    1681 allocs/op
BenchmarkAverageDiff,       1,1004638386 ns/op,  304168 B/op,    1733 allocs/op
BenchmarkStd,    1000,   2266734 ns/op,  305094 B/op,    1712 allocs/op
BenchmarkVariance,    1000,   2224023 ns/op,  305225 B/op,    1715 allocs/op
BenchmarkSetScale,   20000,     85788 ns/op,    7946 B/op,      87 allocs/op
BenchmarkBackground,    2000,   1108634 ns/op,  284935 B/op,    1561 allocs/op
BenchmarkInit,       1,2641553867 ns/op,370741472 B/op, 4687159 allocs/op
BenchmarkGeneExpression,     500,   4904145 ns/op,  309341 B/op,    1681 allocs/op
BenchmarkAverageDiff,       1,1002940527 ns/op,  303528 B/op,    1733 allocs/op
BenchmarkStd,    1000,   2250615 ns/op,  305388 B/op,    1712 allocs/op
BenchmarkVariance,    1000,   2247266 ns/op,  305383 B/op,    1715 allocs/op
BenchmarkSetScale,   20000,     85414 ns/op,    7948 B/op,      87 allocs/op
BenchmarkBackground,    2000,   1114214 ns/op,  284949 B/op,    1560 allocs/op
BenchmarkInit,       1,2622337774 ns/op,370769760 B/op, 4687229 allocs/op
BenchmarkGeneExpression,     500,   4951938 ns/op,  309307 B/op,    1681 allocs/op
BenchmarkAverageDiff,       1,1004483194 ns/op,  304168 B/op,    1733 allocs/op
BenchmarkStd,    1000,   2253095 ns/op,  305459 B/op,    1712 allocs/op
BenchmarkVariance,    1000,   2240526 ns/op,  305567 B/op,    1716 allocs/op
BenchmarkSetScale,   20000,     86532 ns/op,    7946 B/op,      87 allocs/op
BenchmarkBackground,    2000,   1110198 ns/op,  284876 B/op,    1560 allocs/op
BenchmarkInit,       1,2622292657 ns/op,370718144 B/op, 4686861 allocs/op
BenchmarkGeneExpression,     500,   5038769 ns/op,  309316 B/op,    1681 allocs/op
BenchmarkAverageDiff,       1,1004682058 ns/op,  347096 B/op,    1737 allocs/op
BenchmarkStd,    1000,   2348446 ns/op,  305465 B/op,    1712 allocs/op
BenchmarkVariance,    1000,   2256589 ns/op,  305004 B/op,    1715 allocs/op
BenchmarkSetScale,   20000,     83323 ns/op,    7946 B/op,      87 allocs/op
BenchmarkBackground,    2000,   1105970 ns/op,  284874 B/op,    1560 allocs/op
BenchmarkInit,       1,2605098183 ns/op,370725680 B/op, 4686888 allocs/op
BenchmarkGeneExpression,     500,   5003201 ns/op,  309300 B/op,    1681 allocs/op
BenchmarkAverageDiff,       1,1004614560 ns/op,  304264 B/op,    1734 allocs/op
BenchmarkStd,    1000,   2275944 ns/op,  305345 B/op,    1712 allocs/op
BenchmarkVariance,    1000,   2235965 ns/op,  305167 B/op,    1715 allocs/op
BenchmarkSetScale,   20000,     86547 ns/op,    7945 B/op,      87 allocs/op
BenchmarkBackground,    2000,   1110419 ns/op,  284849 B/op,    1560 allocs/op
BenchmarkInit,       1,2605046129 ns/op,370727776 B/op, 4686917 allocs/op
BenchmarkGeneExpression,     500,   4919130 ns/op,  309202 B/op,    1681 allocs/op
BenchmarkAverageDiff,       1,1004117286 ns/op,  304728 B/op,    1737 allocs/op
BenchmarkStd,    1000,   2265941 ns/op,  305531 B/op,    1712 allocs/op
BenchmarkVariance,    1000,   2225466 ns/op,  305161 B/op,    1715 allocs/op
BenchmarkSetScale,   20000,     83261 ns/op,    7946 B/op,      87 allocs/op
BenchmarkBackground,    2000,   1102794 ns/op,  284859 B/op,    1560 allocs/op
BenchmarkInit,       1,2632485449 ns/op,370727056 B/op, 4686913 allocs/op
BenchmarkGeneExpression,     500,   4920768 ns/op,  309365 B/op,    1681 allocs/op
BenchmarkAverageDiff,       1,1004598141 ns/op,  304280 B/op,    1734 allocs/op
BenchmarkStd,    1000,   2252397 ns/op,  305352 B/op,    1712 allocs/op
BenchmarkVariance,    1000,   2229483 ns/op,  305170 B/op,    1715 allocs/op
BenchmarkSetScale,   20000,     85610 ns/op,    7946 B/op,      87 allocs/op
BenchmarkBackground,    2000,   1104749 ns/op,  284949 B/op,    1560 allocs/op
BenchmarkInit,       1,2608871595 ns/op,370763120 B/op, 4687204 allocs/op
BenchmarkGeneExpression,     500,   4908072 ns/op,  309269 B/op,    1681 allocs/op
BenchmarkAverageDiff,       1,1004142776 ns/op,  347672 B/op,    1736 allocs/op
BenchmarkStd,    1000,   2271118 ns/op,  305283 B/op,    1712 allocs/op
BenchmarkVariance,    1000,   2226421 ns/op,  305271 B/op,    1715 allocs/op
BenchmarkSetScale,   20000,     84473 ns/op,    7946 B/op,      87 allocs/op
BenchmarkBackground,    2000,   1109198 ns/op,  284936 B/op,    1560 allocs/op
BenchmarkInit,       1,2596580611 ns/op,370747408 B/op, 4687008 allocs/op
BenchmarkGeneExpression,     500,   5021933 ns/op,  309273 B/op,    1681 allocs/op
BenchmarkAverageDiff,       1,1004692682 ns/op,  304360 B/op,    1735 allocs/op
BenchmarkStd,    1000,   2272880 ns/op,  305189 B/op,    1712 allocs/op
BenchmarkVariance,    1000,   2244431 ns/op,  305576 B/op,    1715 allocs/op
BenchmarkSetScale,   20000,     86310 ns/op,    7945 B/op,      87 allocs/op
BenchmarkBackground,    2000,   1109392 ns/op,  284919 B/op,    1560 allocs/op
BenchmarkInit,       1,2609541638 ns/op,370727328 B/op, 4687017 allocs/op
BenchmarkGeneExpression,     500,   4936496 ns/op,  309301 B/op,    1681 allocs/op
BenchmarkAverageDiff,       1,1003897544 ns/op,  347672 B/op,    1736 allocs/op
BenchmarkStd,    1000,   2262326 ns/op,  305333 B/op,    1712 allocs/op
BenchmarkVariance,    1000,   2228903 ns/op,  305277 B/op,    1715 allocs/op
BenchmarkSetScale,   20000,     83660 ns/op,    7946 B/op,      87 allocs/op
BenchmarkBackground,    2000,   1111115 ns/op,  284978 B/op,    1560 allocs/op
BenchmarkInit,       1,2584348378 ns/op,370701632 B/op, 4686801 allocs/op
BenchmarkGeneExpression,     500,   4915380 ns/op,  309268 B/op,    1681 allocs/op
BenchmarkAverageDiff,       1,1003183483 ns/op,  347736 B/op,    1736 allocs/op
BenchmarkStd,    1000,   2265551 ns/op,  305462 B/op,    1712 allocs/op
BenchmarkVariance,    1000,   2220592 ns/op,  305058 B/op,    1715 allocs/op
BenchmarkSetScale,   20000,     85027 ns/op,    7945 B/op,      87 allocs/op
BenchmarkBackground,    2000,   1108387 ns/op,  284834 B/op,    1560 allocs/op
BenchmarkInit,       1,2652613408 ns/op,370782736 B/op, 4687333 allocs/op
BenchmarkGeneExpression,     500,   5021948 ns/op,  309357 B/op,    1681 allocs/op
BenchmarkAverageDiff,       1,1004772732 ns/op,  304200 B/op,    1733 allocs/op
BenchmarkStd,    1000,   2264257 ns/op,  305282 B/op,    1712 allocs/op
BenchmarkVariance,    1000,   2234850 ns/op,  305389 B/op,    1715 allocs/op
BenchmarkSetScale,   20000,     86645 ns/op,    7946 B/op,      87 allocs/op
BenchmarkBackground,    2000,   1110001 ns/op,  284942 B/op,    1561 allocs/op
BenchmarkInit,       1,2624820718 ns/op,370741984 B/op, 4687000 allocs/op
BenchmarkGeneExpression,     500,   4943767 ns/op,  309287 B/op,    1681 allocs/op
BenchmarkAverageDiff,       1,1004665363 ns/op,  304088 B/op,    1732 allocs/op
BenchmarkStd,    1000,   2271694 ns/op,  305472 B/op,    1712 allocs/op
BenchmarkVariance,    1000,   2231167 ns/op,  304815 B/op,    1715 allocs/op
BenchmarkSetScale,   20000,     83935 ns/op,    7946 B/op,      87 allocs/op
BenchmarkBackground,    2000,   1106316 ns/op,  284899 B/op,    1560 allocs/op
BenchmarkInit,       1,2622289924 ns/op,370662368 B/op, 4686743 allocs/op
BenchmarkGeneExpression,     500,   4977727 ns/op,  309271 B/op,    1681 allocs/op
BenchmarkAverageDiff,       1,1004109222 ns/op,  303336 B/op,    1732 allocs/op
BenchmarkStd,    1000,   2285039 ns/op,  305069 B/op,    1712 allocs/op
BenchmarkVariance,    1000,   2235479 ns/op,  305275 B/op,    1715 allocs/op
BenchmarkSetScale,   20000,     86217 ns/op,    7946 B/op,      87 allocs/op
BenchmarkBackground,    2000,   1106969 ns/op,  284882 B/op,    1560 allocs/op
BenchmarkInit,       1,2625299311 ns/op,370772832 B/op, 4686927 allocs/op
BenchmarkGeneExpression,     500,   4995920 ns/op,  309242 B/op,    1681 allocs/op
BenchmarkAverageDiff,       1,1004064645 ns/op,  304264 B/op,    1734 allocs/op
BenchmarkStd,    1000,   2262599 ns/op,  305275 B/op,    1712 allocs/op
BenchmarkVariance,    1000,   2230002 ns/op,  305222 B/op,    1715 allocs/op
BenchmarkSetScale,   20000,     85018 ns/op,    7945 B/op,      87 allocs/op
BenchmarkBackground,    2000,   1109859 ns/op,  284889 B/op,    1560 allocs/op
BenchmarkInit,       1,2597851050 ns/op,370750800 B/op, 4687010 allocs/op
BenchmarkGeneExpression,     500,   4908691 ns/op,  309358 B/op,    1681 allocs/op
BenchmarkAverageDiff,       1,1004633682 ns/op,  303512 B/op,    1733 allocs/op
BenchmarkStd,    1000,   2277587 ns/op,  305242 B/op,    1712 allocs/op
BenchmarkVariance,    1000,   2231761 ns/op,  304721 B/op,    1715 allocs/op
BenchmarkSetScale,   20000,     84773 ns/op,    7946 B/op,      87 allocs/op
BenchmarkBackground,    2000,   1103563 ns/op,  284967 B/op,    1561 allocs/op
BenchmarkInit,       1,2599912114 ns/op,370691280 B/op, 4686785 allocs/op
BenchmarkGeneExpression,     500,   4956028 ns/op,  309244 B/op,    1681 allocs/op
BenchmarkAverageDiff,       1,1003694751 ns/op,  304088 B/op,    1732 allocs/op
BenchmarkStd,    1000,   2261102 ns/op,  305367 B/op,    1712 allocs/op
BenchmarkVariance,    1000,   2238048 ns/op,  304767 B/op,    1715 allocs/op
BenchmarkSetScale,   20000,     83844 ns/op,    7947 B/op,      87 allocs/op
BenchmarkBackground,    2000,   1107173 ns/op,  284836 B/op,    1560 allocs/op
BenchmarkInit,       1,2636560184 ns/op,370784672 B/op, 4687213 allocs/op
BenchmarkGeneExpression,     500,   4930126 ns/op,  309318 B/op,    1681 allocs/op
BenchmarkAverageDiff,       1,1003342037 ns/op,  304152 B/op,    1732 allocs/op
BenchmarkStd,    1000,   2271238 ns/op,  305236 B/op,    1712 allocs/op
BenchmarkVariance,    1000,   2219925 ns/op,  305327 B/op,    1715 allocs/op
BenchmarkSetScale,   20000,     84138 ns/op,    7945 B/op,      87 allocs/op
BenchmarkBackground,    2000,   1109340 ns/op,  284912 B/op,    1560 allocs/op
BenchmarkInit,       1,2608237315 ns/op,370777040 B/op, 4687137 allocs/op
BenchmarkGeneExpression,     500,   4969144 ns/op,  309202 B/op,    1681 allocs/op
BenchmarkAverageDiff,       1,1003155787 ns/op,  304152 B/op,    1732 allocs/op
BenchmarkStd,    1000,   2264165 ns/op,  305471 B/op,    1712 allocs/op
BenchmarkVariance,    1000,   2234116 ns/op,  305070 B/op,    1715 allocs/op
BenchmarkSetScale,   20000,     85193 ns/op,    7946 B/op,      87 allocs/op
BenchmarkBackground,    2000,   1108886 ns/op,  284903 B/op,    1560 allocs/op
BenchmarkInit,       1,2602826850 ns/op,370760528 B/op, 4687191 allocs/op
BenchmarkGeneExpression,     500,   4849090 ns/op,  309310 B/op,    1681 allocs/op
BenchmarkAverageDiff,       1,1003626596 ns/op,  348024 B/op,    1739 allocs/op
BenchmarkStd,    1000,   2276803 ns/op,  305180 B/op,    1713 allocs/op
BenchmarkVariance,    1000,   2233892 ns/op,  305478 B/op,    1716 allocs/op
BenchmarkSetScale,   20000,     84021 ns/op,    7947 B/op,      87 allocs/op
BenchmarkBackground,    2000,   1105585 ns/op,  284972 B/op,    1561 allocs/op
BenchmarkInit,       1,2615782836 ns/op,370727664 B/op, 4686916 allocs/op
BenchmarkGeneExpression,     500,   4876623 ns/op,  309304 B/op,    1681 allocs/op
BenchmarkAverageDiff,       1,1003538016 ns/op,  304040 B/op,    1733 allocs/op
BenchmarkStd,    1000,   2264862 ns/op,  305053 B/op,    1712 allocs/op
BenchmarkVariance,    1000,   2226277 ns/op,  304948 B/op,    1715 allocs/op
BenchmarkSetScale,   20000,     85153 ns/op,    7946 B/op,      87 allocs/op
BenchmarkBackground,    2000,   1109887 ns/op,  284904 B/op,    1560 allocs/op
BenchmarkInit,       1,2625584328 ns/op,370699824 B/op, 4686756 allocs/op
BenchmarkGeneExpression,     500,   4917264 ns/op,  309321 B/op,    1681 allocs/op
BenchmarkAverageDiff,       1,1002896560 ns/op,  304152 B/op,    1733 allocs/op
BenchmarkStd,    1000,   2267700 ns/op,  305281 B/op,    1712 allocs/op
BenchmarkVariance,    1000,   2235223 ns/op,  305329 B/op,    1715 allocs/op
BenchmarkSetScale,   20000,     82544 ns/op,    7946 B/op,      87 allocs/op
BenchmarkBackground,    2000,   1109998 ns/op,  284940 B/op,    1561 allocs/op
BenchmarkInit,       1,2623237575 ns/op,370713328 B/op, 4686867 allocs/op
BenchmarkGeneExpression,     500,   4970661 ns/op,  309270 B/op,    1681 allocs/op
BenchmarkAverageDiff,       1,1004655956 ns/op,  304040 B/op,    1732 allocs/op
BenchmarkStd,    1000,   2262906 ns/op,  305012 B/op,    1712 allocs/op
BenchmarkVariance,    1000,   2247574 ns/op,  304927 B/op,    1715 allocs/op
BenchmarkSetScale,   20000,     88150 ns/op,    7945 B/op,      87 allocs/op
BenchmarkBackground,    2000,   1101799 ns/op,  284851 B/op,    1560 allocs/op
BenchmarkInit,       1,2609542626 ns/op,370726032 B/op, 4686866 allocs/op
BenchmarkGeneExpression,     500,   4939199 ns/op,  309394 B/op,    1681 allocs/op
BenchmarkAverageDiff,       1,1004611702 ns/op,  305336 B/op,    1734 allocs/op
BenchmarkStd,    1000,   2268124 ns/op,  305388 B/op,    1712 allocs/op
BenchmarkVariance,    1000,   2236609 ns/op,  305460 B/op,    1716 allocs/op
BenchmarkSetScale,   20000,     85438 ns/op,    7946 B/op,      87 allocs/op
BenchmarkBackground,    2000,   1113278 ns/op,  284945 B/op,    1560 allocs/op
BenchmarkInit,       1,2660209253 ns/op,370679744 B/op, 4686677 allocs/op
BenchmarkGeneExpression,     500,   4958798 ns/op,  309360 B/op,    1681 allocs/op
BenchmarkAverageDiff,       1,1004649562 ns/op,  303608 B/op,    1734 allocs/op
BenchmarkStd,    1000,   2262784 ns/op,  305274 B/op,    1712 allocs/op
BenchmarkVariance,    1000,   2231008 ns/op,  305203 B/op,    1715 allocs/op
BenchmarkSetScale,   20000,     83664 ns/op,    7946 B/op,      87 allocs/op
BenchmarkBackground,    2000,   1114090 ns/op,  284911 B/op,    1561 allocs/op
BenchmarkInit,       1,2611201051 ns/op,370777616 B/op, 4687173 allocs/op
BenchmarkGeneExpression,     500,   4991007 ns/op,  309309 B/op,    1681 allocs/op
BenchmarkAverageDiff,       1,1003194961 ns/op,  303432 B/op,    1733 allocs/op
BenchmarkStd,    1000,   2284641 ns/op,  305154 B/op,    1712 allocs/op
BenchmarkVariance,    1000,   2235036 ns/op,  305048 B/op,    1715 allocs/op
BenchmarkSetScale,   20000,     84692 ns/op,    7945 B/op,      87 allocs/op
BenchmarkBackground,    2000,   1114982 ns/op,  284915 B/op,    1560 allocs/op
BenchmarkInit,       1,2627551804 ns/op,370692432 B/op, 4686889 allocs/op
BenchmarkGeneExpression,     500,   4910447 ns/op,  309400 B/op,    1681 allocs/op
BenchmarkAverageDiff,       1,1004629782 ns/op,  304184 B/op,    1733 allocs/op
BenchmarkStd,    1000,   2270222 ns/op,  305346 B/op,    1712 allocs/op
BenchmarkVariance,    1000,   2232190 ns/op,  305234 B/op,    1715 allocs/op
BenchmarkSetScale,   20000,     85027 ns/op,    7945 B/op,      87 allocs/op
BenchmarkBackground,    2000,   1107192 ns/op,  284981 B/op,    1561 allocs/op
BenchmarkInit,       1,2625112176 ns/op,370719728 B/op, 4686875 allocs/op
BenchmarkGeneExpression,     500,   5018912 ns/op,  309268 B/op,    1681 allocs/op
BenchmarkAverageDiff,       1,1004670899 ns/op,  304744 B/op,    1736 allocs/op
BenchmarkStd,    1000,   2262537 ns/op,  305424 B/op,    1712 allocs/op
BenchmarkVariance,    1000,   2239164 ns/op,  304926 B/op,    1715 allocs/op
BenchmarkSetScale,   20000,     86345 ns/op,    7946 B/op,      87 allocs/op
BenchmarkBackground,    2000,   1106628 ns/op,  284908 B/op,    1560 allocs/op
BenchmarkInit,       1,2639857079 ns/op,370762464 B/op, 4687212 allocs/op
BenchmarkGeneExpression,     500,   4991003 ns/op,  309307 B/op,    1681 allocs/op
BenchmarkAverageDiff,       1,1002665926 ns/op,  304424 B/op,    1735 allocs/op
BenchmarkStd,    1000,   2260725 ns/op,  305317 B/op,    1712 allocs/op
BenchmarkVariance,    1000,   2224512 ns/op,  305330 B/op,    1715 allocs/op
BenchmarkSetScale,   20000,     83247 ns/op,    7947 B/op,      87 allocs/op
BenchmarkBackground,    2000,   1101766 ns/op,  284905 B/op,    1560 allocs/op
BenchmarkInit,       1,2595539721 ns/op,370699920 B/op, 4686755 allocs/op
BenchmarkGeneExpression,     500,   4900702 ns/op,  309309 B/op,    1681 allocs/op
BenchmarkAverageDiff,       1,1004571423 ns/op,  303816 B/op,    1736 allocs/op
BenchmarkStd,    1000,   2267566 ns/op,  305411 B/op,    1712 allocs/op
BenchmarkVariance,    1000,   2234047 ns/op,  305035 B/op,    1715 allocs/op
BenchmarkSetScale,   20000,     84307 ns/op,    7946 B/op,      87 allocs/op
BenchmarkBackground,    2000,   1116285 ns/op,  284876 B/op,    1560 allocs/op
BenchmarkInit,       1,2624090330 ns/op,370715600 B/op, 4686871 allocs/op
BenchmarkGeneExpression,     500,   4913405 ns/op,  309332 B/op,    1681 allocs/op
BenchmarkAverageDiff,       1,1003911161 ns/op,  304168 B/op,    1733 allocs/op
BenchmarkStd,    1000,   2264103 ns/op,  305206 B/op,    1712 allocs/op
BenchmarkVariance,    1000,   2231756 ns/op,  305168 B/op,    1715 allocs/op
BenchmarkSetScale,   20000,     85505 ns/op,    7945 B/op,      87 allocs/op
BenchmarkBackground,    2000,   1112690 ns/op,  284859 B/op,    1560 allocs/op
BenchmarkInit,       1,2616186900 ns/op,370711728 B/op, 4686964 allocs/op
BenchmarkGeneExpression,     500,   4958041 ns/op,  309271 B/op,    1681 allocs/op
BenchmarkAverageDiff,       1,1004616328 ns/op,  304168 B/op,    1733 allocs/op
BenchmarkStd,    1000,   2275387 ns/op,  305412 B/op,    1712 allocs/op
BenchmarkVariance,    1000,   2227430 ns/op,  305209 B/op,    1715 allocs/op
BenchmarkSetScale,   20000,     84549 ns/op,    7946 B/op,      87 allocs/op
BenchmarkBackground,    2000,   1109866 ns/op,  284956 B/op,    1560 allocs/op
BenchmarkInit,       1,2622185325 ns/op,370757088 B/op, 4687064 allocs/op
BenchmarkGeneExpression,     500,   4875894 ns/op,  309226 B/op,    1681 allocs/op
BenchmarkAverageDiff,       1,1004671086 ns/op,  304184 B/op,    1733 allocs/op
BenchmarkStd,    1000,   2266087 ns/op,  305163 B/op,    1712 allocs/op
BenchmarkVariance,    1000,   2229904 ns/op,  305058 B/op,    1715 allocs/op
BenchmarkSetScale,   20000,     85943 ns/op,    7945 B/op,      87 allocs/op
BenchmarkBackground,    2000,   1101424 ns/op,  284946 B/op,    1560 allocs/op
BenchmarkInit,       1,2605201511 ns/op,370749696 B/op, 4687141 allocs/op
BenchmarkGeneExpression,     500,   4898162 ns/op,  309245 B/op,    1681 allocs/op
BenchmarkAverageDiff,       1,1004588808 ns/op,  305544 B/op,    1736 allocs/op
BenchmarkStd,    1000,   2257470 ns/op,  305149 B/op,    1712 allocs/op
BenchmarkVariance,    1000,   2229583 ns/op,  305207 B/op,    1715 allocs/op
BenchmarkSetScale,   20000,     86191 ns/op,    7946 B/op,      87 allocs/op
BenchmarkBackground,    2000,   1111064 ns/op,  284941 B/op,    1560 allocs/op
BenchmarkInit,       1,2611298831 ns/op,370734112 B/op, 4686963 allocs/op
BenchmarkGeneExpression,     500,   4883582 ns/op,  309256 B/op,    1681 allocs/op
BenchmarkAverageDiff,       1,1003356502 ns/op,  347032 B/op,    1736 allocs/op
BenchmarkStd,    1000,   2275856 ns/op,  305402 B/op,    1712 allocs/op
BenchmarkVariance,    1000,   2243263 ns/op,  305258 B/op,    1715 allocs/op
BenchmarkSetScale,   20000,     83707 ns/op,    7945 B/op,      87 allocs/op
BenchmarkBackground,    2000,   1107165 ns/op,  284962 B/op,    1560 allocs/op
BenchmarkInit,       1,2639640607 ns/op,370744224 B/op, 4687125 allocs/op
BenchmarkGeneExpression,     500,   4908227 ns/op,  309286 B/op,    1681 allocs/op
BenchmarkAverageDiff,       1,1003399614 ns/op,  304280 B/op,    1734 allocs/op
BenchmarkStd,    1000,   2271960 ns/op,  305320 B/op,    1712 allocs/op
BenchmarkVariance,    1000,   2228586 ns/op,  305335 B/op,    1715 allocs/op
BenchmarkSetScale,   20000,     83617 ns/op,    7946 B/op,      87 allocs/op
BenchmarkBackground,    2000,   1102720 ns/op,  284882 B/op,    1560 allocs/op
BenchmarkInit,       1,2608477551 ns/op,370734720 B/op, 4687097 allocs/op
BenchmarkGeneExpression,     500,   4961650 ns/op,  309346 B/op,    1682 allocs/op
BenchmarkAverageDiff,       1,1003347451 ns/op,  304200 B/op,    1734 allocs/op
BenchmarkStd,    1000,   2257575 ns/op,  305308 B/op,    1713 allocs/op
BenchmarkVariance,    1000,   2230634 ns/op,  305464 B/op,    1716 allocs/op
BenchmarkSetScale,   20000,     87011 ns/op,    7947 B/op,      87 allocs/op
BenchmarkBackground,    2000,   1106361 ns/op,  284992 B/op,    1561 allocs/op
BenchmarkInit,       1,2619507999 ns/op,370811216 B/op, 4687440 allocs/op
BenchmarkGeneExpression,     500,   4949288 ns/op,  309271 B/op,    1681 allocs/op
BenchmarkAverageDiff,       1,1004599887 ns/op,  303208 B/op,    1732 allocs/op
BenchmarkStd,    1000,   2270792 ns/op,  305230 B/op,    1712 allocs/op
BenchmarkVariance,    1000,   2235587 ns/op,  305563 B/op,    1716 allocs/op
BenchmarkSetScale,   20000,     85197 ns/op,    7947 B/op,      87 allocs/op
BenchmarkBackground,    2000,   1112940 ns/op,  284888 B/op,    1560 allocs/op
BenchmarkInit,       1,2612067004 ns/op,370756560 B/op, 4687152 allocs/op
BenchmarkGeneExpression,     500,   5014662 ns/op,  309304 B/op,    1681 allocs/op
BenchmarkAverageDiff,       1,1005057764 ns/op,  347112 B/op,    1737 allocs/op
BenchmarkStd,    1000,   2257251 ns/op,  305038 B/op,    1712 allocs/op
BenchmarkVariance,    1000,   2243655 ns/op,  305293 B/op,    1715 allocs/op
BenchmarkSetScale,   20000,     85184 ns/op,    7946 B/op,      87 allocs/op
BenchmarkBackground,    2000,   1106311 ns/op,  284971 B/op,    1561 allocs/op
BenchmarkInit,       1,2593795502 ns/op,370750336 B/op, 4686861 allocs/op
BenchmarkGeneExpression,     500,   4895751 ns/op,  309249 B/op,    1681 allocs/op
BenchmarkAverageDiff,       1,1004542465 ns/op,  304344 B/op,    1735 allocs/op
BenchmarkStd,    1000,   2268643 ns/op,  305011 B/op,    1712 allocs/op
BenchmarkVariance,    1000,   2245580 ns/op,  304934 B/op,    1715 allocs/op
BenchmarkSetScale,   20000,     84984 ns/op,    7945 B/op,      87 allocs/op
BenchmarkBackground,    2000,   1102812 ns/op,  284904 B/op,    1560 allocs/op
BenchmarkInit,       1,2599613121 ns/op,370632704 B/op, 4686578 allocs/op
BenchmarkGeneExpression,     500,   4945056 ns/op,  309309 B/op,    1682 allocs/op
BenchmarkAverageDiff,       1,1004637195 ns/op,  304040 B/op,    1732 allocs/op
BenchmarkStd,    1000,   2274039 ns/op,  305108 B/op,    1713 allocs/op
BenchmarkVariance,    1000,   2234113 ns/op,  305420 B/op,    1716 allocs/op
BenchmarkSetScale,   20000,     85890 ns/op,    7947 B/op,      87 allocs/op
BenchmarkBackground,    2000,   1110457 ns/op,  284982 B/op,    1561 allocs/op
BenchmarkInit,       1,2664258515 ns/op,370649296 B/op, 4686492 allocs/op
BenchmarkGeneExpression,     500,   4930630 ns/op,  309235 B/op,    1681 allocs/op
BenchmarkAverageDiff,       1,1004629028 ns/op,  304280 B/op,    1734 allocs/op
BenchmarkStd,    1000,   2260528 ns/op,  305388 B/op,    1712 allocs/op
BenchmarkVariance,    1000,   2238856 ns/op,  305055 B/op,    1715 allocs/op
BenchmarkSetScale,   20000,     84625 ns/op,    7946 B/op,      87 allocs/op
BenchmarkBackground,    2000,   1114646 ns/op,  284895 B/op,    1560 allocs/op
BenchmarkInit,       1,2631089949 ns/op,370740368 B/op, 4686972 allocs/op
BenchmarkGeneExpression,     500,   4845043 ns/op,  309211 B/op,    1681 allocs/op
BenchmarkAverageDiff,       1,1004872136 ns/op,  348216 B/op,    1737 allocs/op
BenchmarkStd,    1000,   2280880 ns/op,  305175 B/op,    1712 allocs/op
BenchmarkVariance,    1000,   2248743 ns/op,  305090 B/op,    1715 allocs/op
BenchmarkSetScale,   20000,     84816 ns/op,    7946 B/op,      87 allocs/op
BenchmarkBackground,    2000,   1106346 ns/op,  284898 B/op,    1560 allocs/op
BenchmarkInit,       1,2630998597 ns/op,370698816 B/op, 4686752 allocs/op
BenchmarkGeneExpression,     500,   4891846 ns/op,  309365 B/op,    1681 allocs/op
BenchmarkAverageDiff,       1,1004629618 ns/op,  303144 B/op,    1734 allocs/op
BenchmarkStd,    1000,   2271205 ns/op,  305452 B/op,    1712 allocs/op
BenchmarkVariance,    1000,   2223399 ns/op,  304928 B/op,    1715 allocs/op
BenchmarkSetScale,   20000,     84996 ns/op,    7947 B/op,      87 allocs/op
BenchmarkBackground,    2000,   1102240 ns/op,  284950 B/op,    1560 allocs/op
BenchmarkInit,       1,2635647254 ns/op,370776704 B/op, 4687176 allocs/op
BenchmarkGeneExpression,     500,   4936190 ns/op,  309330 B/op,    1681 allocs/op
BenchmarkAverageDiff,       1,1004741961 ns/op,  347784 B/op,    1737 allocs/op
BenchmarkStd,    1000,   2261282 ns/op,  305422 B/op,    1712 allocs/op
BenchmarkVariance,    1000,   2222345 ns/op,  305148 B/op,    1715 allocs/op
BenchmarkSetScale,   20000,     84392 ns/op,    7946 B/op,      87 allocs/op
BenchmarkBackground,    2000,   1105552 ns/op,  284912 B/op,    1560 allocs/op
BenchmarkInit,       1,2603558230 ns/op,370660992 B/op, 4686613 allocs/op
BenchmarkGeneExpression,     500,   4943722 ns/op,  309196 B/op,    1681 allocs/op
BenchmarkAverageDiff,       1,1003700852 ns/op,  348248 B/op,    1739 allocs/op
BenchmarkStd,    1000,   2266103 ns/op,  305551 B/op,    1712 allocs/op
BenchmarkVariance,    1000,   2255035 ns/op,  304872 B/op,    1715 allocs/op
BenchmarkSetScale,   20000,     87801 ns/op,    7945 B/op,      87 allocs/op
BenchmarkBackground,    2000,   1108635 ns/op,  284867 B/op,    1560 allocs/op
BenchmarkInit,       1,2592168231 ns/op,370776240 B/op, 4687220 allocs/op
BenchmarkGeneExpression,     500,   4850537 ns/op,  309265 B/op,    1681 allocs/op
BenchmarkAverageDiff,       1,1004611054 ns/op,  304088 B/op,    1732 allocs/op
BenchmarkStd,    1000,   2260467 ns/op,  305399 B/op,    1712 allocs/op
BenchmarkVariance,    1000,   2232060 ns/op,  305410 B/op,    1715 allocs/op
BenchmarkSetScale,   20000,     84086 ns/op,    7946 B/op,      87 allocs/op
BenchmarkBackground,    2000,   1106769 ns/op,  284939 B/op,    1561 allocs/op
BenchmarkInit,       1,2620845404 ns/op,370773456 B/op, 4687258 allocs/op
BenchmarkGeneExpression,     500,   4966141 ns/op,  309286 B/op,    1681 allocs/op
BenchmarkAverageDiff,       1,1003181837 ns/op,  304088 B/op,    1732 allocs/op
BenchmarkStd,    1000,   2268064 ns/op,  305363 B/op,    1712 allocs/op
BenchmarkVariance,    1000,   2219752 ns/op,  305051 B/op,    1715 allocs/op
BenchmarkSetScale,   20000,     86584 ns/op,    7946 B/op,      87 allocs/op
BenchmarkBackground,    2000,   1110095 ns/op,  284927 B/op,    1560 allocs/op
BenchmarkInit,       1,2627890097 ns/op,370662992 B/op, 4686590 allocs/op
BenchmarkGeneExpression,     500,   4979889 ns/op,  309284 B/op,    1681 allocs/op
BenchmarkAverageDiff,       1,1004463760 ns/op,  346744 B/op,    1736 allocs/op
BenchmarkStd,    1000,   2282043 ns/op,  305504 B/op,    1712 allocs/op
BenchmarkVariance,    1000,   2232649 ns/op,  304870 B/op,    1715 allocs/op
BenchmarkSetScale,   20000,     84587 ns/op,    7946 B/op,      87 allocs/op
BenchmarkBackground,    2000,   1107444 ns/op,  284862 B/op,    1560 allocs/op
BenchmarkInit,       1,2606411604 ns/op,370661728 B/op, 4686594 allocs/op
BenchmarkGeneExpression,     500,   4888216 ns/op,  309277 B/op,    1681 allocs/op
BenchmarkAverageDiff,       1,1003977437 ns/op,  303528 B/op,    1733 allocs/op
BenchmarkStd,    1000,   2270878 ns/op,  305327 B/op,    1712 allocs/op
BenchmarkVariance,    1000,   2223345 ns/op,  305201 B/op,    1715 allocs/op
BenchmarkSetScale,   20000,     85939 ns/op,    7945 B/op,      87 allocs/op
BenchmarkBackground,    2000,   1102955 ns/op,  284964 B/op,    1560 allocs/op
BenchmarkInit,       1,2610671279 ns/op,370689040 B/op, 4686715 allocs/op
BenchmarkGeneExpression,     500,   5033292 ns/op,  309335 B/op,    1681 allocs/op
BenchmarkAverageDiff,       1,1004746492 ns/op,  303512 B/op,    1733 allocs/op
BenchmarkStd,    1000,   2245757 ns/op,  305397 B/op,    1712 allocs/op
BenchmarkVariance,    1000,   2224752 ns/op,  305552 B/op,    1715 allocs/op
BenchmarkSetScale,   20000,     84793 ns/op,    7947 B/op,      87 allocs/op
BenchmarkBackground,    2000,   1106050 ns/op,  284900 B/op,    1560 allocs/op
BenchmarkInit,       1,2605952835 ns/op,370666240 B/op, 4686611 allocs/op
BenchmarkGeneExpression,     500,   4993533 ns/op,  309263 B/op,    1681 allocs/op
BenchmarkAverageDiff,       1,1003771519 ns/op,  304168 B/op,    1733 allocs/op
BenchmarkStd,    1000,   2270001 ns/op,  305237 B/op,    1712 allocs/op
BenchmarkVariance,    1000,   2233952 ns/op,  304881 B/op,    1715 allocs/op
BenchmarkSetScale,   20000,     84661 ns/op,    7945 B/op,      87 allocs/op
BenchmarkBackground,    2000,   1110793 ns/op,  284831 B/op,    1560 allocs/op
BenchmarkInit,       1,2620254467 ns/op,370644400 B/op, 4686467 allocs/op
BenchmarkGeneExpression,     500,   4960738 ns/op,  309249 B/op,    1681 allocs/op
BenchmarkAverageDiff,       1,1004679236 ns/op,  303544 B/op,    1733 allocs/op
BenchmarkStd,    1000,   2266511 ns/op,  305242 B/op,    1712 allocs/op
BenchmarkVariance,    1000,   2228967 ns/op,  305251 B/op,    1715 allocs/op
BenchmarkSetScale,   20000,     85056 ns/op,    7946 B/op,      87 allocs/op
BenchmarkBackground,    2000,   1104970 ns/op,  284949 B/op,    1561 allocs/op
BenchmarkInit,       1,2624266829 ns/op,370784480 B/op, 4687307 allocs/op
BenchmarkGeneExpression,     500,   4949882 ns/op,  309247 B/op,    1681 allocs/op
BenchmarkAverageDiff,       1,1005165610 ns/op,  303416 B/op,    1733 allocs/op
BenchmarkStd,    1000,   2261067 ns/op,  305181 B/op,    1712 allocs/op
BenchmarkVariance,    1000,   2218950 ns/op,  305615 B/op,    1716 allocs/op
BenchmarkSetScale,   20000,     84814 ns/op,    7947 B/op,      87 allocs/op
BenchmarkBackground,    2000,   1111988 ns/op,  284901 B/op,    1560 allocs/op
BenchmarkInit,       1,2589122826 ns/op,370760560 B/op, 4687135 allocs/op
BenchmarkGeneExpression,     500,   4843002 ns/op,  309327 B/op,    1681 allocs/op
BenchmarkAverageDiff,       1,1005938284 ns/op,  304136 B/op,    1732 allocs/op
BenchmarkStd,    1000,   2264519 ns/op,  305409 B/op,    1712 allocs/op
BenchmarkVariance,    1000,   2220026 ns/op,  305148 B/op,    1715 allocs/op
BenchmarkSetScale,   20000,     83913 ns/op,    7946 B/op,      87 allocs/op
BenchmarkBackground,    2000,   1118844 ns/op,  284938 B/op,    1560 allocs/op
BenchmarkInit,       1,2595569230 ns/op,370767024 B/op, 4687189 allocs/op
BenchmarkGeneExpression,     500,   4871839 ns/op,  309329 B/op,    1681 allocs/op
BenchmarkAverageDiff,       1,1004619807 ns/op,  304152 B/op,    1732 allocs/op
BenchmarkStd,    1000,   2272117 ns/op,  305237 B/op,    1712 allocs/op
BenchmarkVariance,    1000,   2241236 ns/op,  305413 B/op,    1715 allocs/op
BenchmarkSetScale,   20000,     83529 ns/op,    7946 B/op,      87 allocs/op
BenchmarkBackground,    2000,   1109518 ns/op,  285026 B/op,    1561 allocs/op
BenchmarkInit,       1,2620876242 ns/op,370754432 B/op, 4687056 allocs/op
BenchmarkGeneExpression,     500,   4917534 ns/op,  309229 B/op,    1681 allocs/op
BenchmarkAverageDiff,       1,1003197457 ns/op,  304280 B/op,    1734 allocs/op
BenchmarkStd,    1000,   2277084 ns/op,  305082 B/op,    1712 allocs/op
BenchmarkVariance,    1000,   2233082 ns/op,  304959 B/op,    1715 allocs/op
BenchmarkSetScale,   20000,     83970 ns/op,    7945 B/op,      87 allocs/op
BenchmarkBackground,    2000,   1108018 ns/op,  284943 B/op,    1560 allocs/op
BenchmarkInit,       1,2626185164 ns/op,370701200 B/op, 4686769 allocs/op
BenchmarkGeneExpression,     500,   4963469 ns/op,  309304 B/op,    1681 allocs/op
BenchmarkAverageDiff,       1,1004601696 ns/op,  303496 B/op,    1733 allocs/op
BenchmarkStd,    1000,   2258009 ns/op,  305394 B/op,    1712 allocs/op
BenchmarkVariance,    1000,   2224046 ns/op,  304863 B/op,    1715 allocs/op
BenchmarkSetScale,   20000,     86203 ns/op,    7946 B/op,      87 allocs/op
BenchmarkBackground,    2000,   1109196 ns/op,  284898 B/op,    1561 allocs/op
BenchmarkInit,       1,2598716968 ns/op,370650240 B/op, 4686520 allocs/op
BenchmarkGeneExpression,     500,   4939901 ns/op,  309285 B/op,    1681 allocs/op
BenchmarkAverageDiff,       1,1004697271 ns/op,  304088 B/op,    1732 allocs/op
BenchmarkStd,    1000,   2260866 ns/op,  305476 B/op,    1712 allocs/op
BenchmarkVariance,    1000,   2231774 ns/op,  305484 B/op,    1715 allocs/op
BenchmarkSetScale,   20000,     85036 ns/op,    7946 B/op,      87 allocs/op
BenchmarkBackground,    2000,   1111651 ns/op,  284941 B/op,    1560 allocs/op
BenchmarkInit,       1,2614945617 ns/op,370718784 B/op, 4686990 allocs/op
BenchmarkGeneExpression,     500,   4927927 ns/op,  309242 B/op,    1681 allocs/op
BenchmarkAverageDiff,       1,1003679343 ns/op,  304168 B/op,    1733 allocs/op
BenchmarkStd,    1000,   2278262 ns/op,  305332 B/op,    1712 allocs/op
BenchmarkVariance,    1000,   2221885 ns/op,  305298 B/op,    1715 allocs/op
BenchmarkSetScale,   20000,     84128 ns/op,    7947 B/op,      87 allocs/op
BenchmarkBackground,    2000,   1111972 ns/op,  284891 B/op,    1560 allocs/op
BenchmarkInit,       1,2630898246 ns/op,370587536 B/op, 4686221 allocs/op
BenchmarkGeneExpression,     500,   4975372 ns/op,  309334 B/op,    1681 allocs/op
BenchmarkAverageDiff,       1,1003971265 ns/op,  347752 B/op,    1737 allocs/op
BenchmarkStd,    1000,   2267658 ns/op,  305417 B/op,    1712 allocs/op
BenchmarkVariance,    1000,   2233130 ns/op,  305327 B/op,    1716 allocs/op
BenchmarkSetScale,   20000,     83277 ns/op,    7946 B/op,      87 allocs/op
BenchmarkBackground,    2000,   1112665 ns/op,  284927 B/op,    1560 allocs/op
BenchmarkInit,       1,2629764444 ns/op,370749520 B/op, 4687162 allocs/op
BenchmarkGeneExpression,     500,   5020212 ns/op,  309312 B/op,    1681 allocs/op
BenchmarkAverageDiff,       1,1002649891 ns/op,  303064 B/op,    1733 allocs/op
BenchmarkStd,    1000,   2272889 ns/op,  304997 B/op,    1712 allocs/op
BenchmarkVariance,    1000,   2234678 ns/op,  305410 B/op,    1716 allocs/op
BenchmarkSetScale,   20000,     84288 ns/op,    7947 B/op,      87 allocs/op
BenchmarkBackground,    2000,   1124866 ns/op,  284920 B/op,    1560 allocs/op
BenchmarkInit,       1,2644482511 ns/op,370731088 B/op, 4687080 allocs/op
BenchmarkGeneExpression,     500,   4933410 ns/op,  309318 B/op,    1681 allocs/op
BenchmarkAverageDiff,       1,1004850564 ns/op,  348376 B/op,    1739 allocs/op
BenchmarkStd,    1000,   2266903 ns/op,  305204 B/op,    1712 allocs/op
BenchmarkVariance,    1000,   2222748 ns/op,  305245 B/op,    1715 allocs/op
BenchmarkSetScale,   20000,     84935 ns/op,    7947 B/op,      87 allocs/op
BenchmarkBackground,    2000,   1109708 ns/op,  284993 B/op,    1560 allocs/op
BenchmarkInit,       1,2613839617 ns/op,370734880 B/op, 4687082 allocs/op
BenchmarkGeneExpression,     500,   4857327 ns/op,  309329 B/op,    1681 allocs/op
BenchmarkAverageDiff,       1,1004841756 ns/op,  303544 B/op,    1733 allocs/op
BenchmarkStd,    1000,   2275189 ns/op,  305563 B/op,    1713 allocs/op
BenchmarkVariance,    1000,   2226516 ns/op,  304811 B/op,    1715 allocs/op
BenchmarkSetScale,   20000,     85371 ns/op,    7946 B/op,      87 allocs/op
BenchmarkBackground,    2000,   1102173 ns/op,  284914 B/op,    1560 allocs/op
BenchmarkInit,       1,2629962573 ns/op,370680144 B/op, 4686663 allocs/op
BenchmarkGeneExpression,     500,   4893244 ns/op,  309303 B/op,    1681 allocs/op
BenchmarkAverageDiff,       1,1004460174 ns/op,  304088 B/op,    1732 allocs/op
BenchmarkStd,    1000,   2254993 ns/op,  305438 B/op,    1712 allocs/op
BenchmarkVariance,    1000,   2231750 ns/op,  304684 B/op,    1715 allocs/op
BenchmarkSetScale,   20000,     84701 ns/op,    7946 B/op,      87 allocs/op
BenchmarkBackground,    2000,   1107992 ns/op,  284929 B/op,    1560 allocs/op
BenchmarkInit,       1,2604188284 ns/op,370741536 B/op, 4686993 allocs/op
BenchmarkGeneExpression,     500,   4934134 ns/op,  309290 B/op,    1681 allocs/op
BenchmarkAverageDiff,       1,1004063616 ns/op,  304248 B/op,    1735 allocs/op
BenchmarkStd,    1000,   2258349 ns/op,  305420 B/op,    1712 allocs/op
BenchmarkVariance,    1000,   2240756 ns/op,  305144 B/op,    1715 allocs/op
BenchmarkSetScale,   20000,     84178 ns/op,    7946 B/op,      87 allocs/op
BenchmarkBackground,    2000,   1110371 ns/op,  285034 B/op,    1560 allocs/op
BenchmarkInit,       1,2625244137 ns/op,370766944 B/op, 4687100 allocs/op
BenchmarkGeneExpression,     500,   4950352 ns/op,  309232 B/op,    1681 allocs/op
BenchmarkAverageDiff,       1,1002938368 ns/op,  304168 B/op,    1733 allocs/op
BenchmarkStd,    1000,   2263327 ns/op,  305249 B/op,    1712 allocs/op
BenchmarkVariance,    1000,   2245761 ns/op,  305242 B/op,    1715 allocs/op
BenchmarkSetScale,   20000,     86218 ns/op,    7945 B/op,      87 allocs/op
BenchmarkBackground,    2000,   1111669 ns/op,  284961 B/op,    1560 allocs/op
BenchmarkInit,       1,2620774275 ns/op,370719616 B/op, 4686933 allocs/op
BenchmarkGeneExpression,     500,   5022593 ns/op,  309348 B/op,    1681 allocs/op
BenchmarkAverageDiff,       1,1003019363 ns/op,  302920 B/op,    1732 allocs/op
BenchmarkStd,    1000,   2284143 ns/op,  305328 B/op,    1712 allocs/op
BenchmarkVariance,    1000,   2211281 ns/op,  305080 B/op,    1715 allocs/op
BenchmarkSetScale,   20000,     85561 ns/op,    7946 B/op,      87 allocs/op
BenchmarkBackground,    2000,   1106198 ns/op,  284884 B/op,    1560 allocs/op
BenchmarkInit,       1,2642264356 ns/op,370678560 B/op, 4686656 allocs/op
BenchmarkGeneExpression,     500,   4936472 ns/op,  309291 B/op,    1681 allocs/op
BenchmarkAverageDiff,       1,1003022625 ns/op,  304200 B/op,    1733 allocs/op
BenchmarkStd,    1000,   2276091 ns/op,  305368 B/op,    1712 allocs/op
BenchmarkVariance,    1000,   2227369 ns/op,  305294 B/op,    1715 allocs/op
BenchmarkSetScale,   20000,     84585 ns/op,    7945 B/op,      87 allocs/op
BenchmarkBackground,    2000,   1108958 ns/op,  284933 B/op,    1560 allocs/op
BenchmarkInit,       1,2640767107 ns/op,370809632 B/op, 4687090 allocs/op
BenchmarkGeneExpression,     500,   4833501 ns/op,  309328 B/op,    1681 allocs/op
BenchmarkAverageDiff,       1,1006027154 ns/op,  304232 B/op,    1734 allocs/op
BenchmarkStd,    1000,   2267464 ns/op,  305359 B/op,    1712 allocs/op
BenchmarkVariance,    1000,   2229206 ns/op,  305238 B/op,    1715 allocs/op
BenchmarkSetScale,   20000,     85854 ns/op,    7946 B/op,      87 allocs/op
BenchmarkBackground,    2000,   1103411 ns/op,  284974 B/op,    1561 allocs/op
BenchmarkInit,       1,2614703580 ns/op,370721584 B/op, 4686906 allocs/op
BenchmarkGeneExpression,     500,   4925411 ns/op,  309372 B/op,    1681 allocs/op
BenchmarkAverageDiff,       1,1003523068 ns/op,  304088 B/op,    1732 allocs/op
BenchmarkStd,    1000,   2265190 ns/op,  305535 B/op,    1712 allocs/op
BenchmarkVariance,    1000,   2220365 ns/op,  304872 B/op,    1715 allocs/op
BenchmarkSetScale,   20000,     83921 ns/op,    7946 B/op,      87 allocs/op
BenchmarkBackground,    2000,   1103847 ns/op,  284914 B/op,    1560 allocs/op
BenchmarkInit,       1,2614712077 ns/op,370714384 B/op, 4686817 allocs/op
BenchmarkGeneExpression,     500,   4989181 ns/op,  309344 B/op,    1681 allocs/op
BenchmarkAverageDiff,       1,1003197754 ns/op,  304280 B/op,    1734 allocs/op
BenchmarkStd,    1000,   2272621 ns/op,  305247 B/op,    1712 allocs/op
BenchmarkVariance,    1000,   2217010 ns/op,  304844 B/op,    1715 allocs/op
BenchmarkSetScale,   20000,     84774 ns/op,    7945 B/op,      87 allocs/op
BenchmarkBackground,    2000,   1100887 ns/op,  284900 B/op,    1560 allocs/op
BenchmarkInit,       1,2613337686 ns/op,370689104 B/op, 4686705 allocs/op
BenchmarkGeneExpression,     500,   4961049 ns/op,  309218 B/op,    1681 allocs/op
BenchmarkAverageDiff,       1,1003627279 ns/op,  305496 B/op,    1736 allocs/op
BenchmarkStd,    1000,   2254632 ns/op,  305447 B/op,    1712 allocs/op
BenchmarkVariance,    1000,   2232410 ns/op,  305050 B/op,    1715 allocs/op
BenchmarkSetScale,   20000,     84261 ns/op,    7946 B/op,      87 allocs/op
BenchmarkBackground,    2000,   1106257 ns/op,  284936 B/op,    1560 allocs/op
BenchmarkInit,       1,2598876009 ns/op,370740368 B/op, 4687093 allocs/op
BenchmarkGeneExpression,     500,   4981172 ns/op,  309333 B/op,    1681 allocs/op
BenchmarkAverageDiff,       1,1004501463 ns/op,  304168 B/op,    1733 allocs/op
BenchmarkStd,    1000,   2273416 ns/op,  305078 B/op,    1712 allocs/op
BenchmarkVariance,    1000,   2238985 ns/op,  305198 B/op,    1715 allocs/op
BenchmarkSetScale,   20000,     84970 ns/op,    7946 B/op,      87 allocs/op
BenchmarkBackground,    2000,   1104881 ns/op,  284886 B/op,    1560 allocs/op
BenchmarkInit,       1,2645685441 ns/op,370766096 B/op, 4687088 allocs/op
BenchmarkGeneExpression,     500,   4908266 ns/op,  309286 B/op,    1681 allocs/op
BenchmarkAverageDiff,       1,1004615997 ns/op,  304280 B/op,    1734 allocs/op
BenchmarkStd,    1000,   2264782 ns/op,  305242 B/op,    1712 allocs/op
BenchmarkVariance,    1000,   2228860 ns/op,  304822 B/op,    1715 allocs/op
BenchmarkSetScale,   20000,     85610 ns/op,    7946 B/op,      87 allocs/op
BenchmarkBackground,    2000,   1114766 ns/op,  284971 B/op,    1561 allocs/op
BenchmarkInit,       1,2711757536 ns/op,370699568 B/op, 4686761 allocs/op
BenchmarkGeneExpression,     500,   5176021 ns/op,  309296 B/op,    1681 allocs/op
BenchmarkAverageDiff,       1,1003378180 ns/op,  304248 B/op,    1734 allocs/op
BenchmarkStd,    1000,   2286358 ns/op,  305508 B/op,    1712 allocs/op
BenchmarkVariance,    1000,   2248737 ns/op,  305193 B/op,    1715 allocs/op
BenchmarkSetScale,   50000,     79911 ns/op,    7948 B/op,      87 allocs/op
BenchmarkBackground,    2000,   1147493 ns/op,  284929 B/op,    1560 allocs/op
BenchmarkInit,       1,3856715433 ns/op,370710880 B/op, 4686811 allocs/op
BenchmarkGeneExpression,     500,   4637228 ns/op,  309314 B/op,    1681 allocs/op
BenchmarkAverageDiff,       1,1003336390 ns/op,  304152 B/op,    1734 allocs/op
BenchmarkStd,    1000,   2208903 ns/op,  305421 B/op,    1712 allocs/op
BenchmarkVariance,    1000,   2182333 ns/op,  305024 B/op,    1715 allocs/op
BenchmarkSetScale,   20000,     83167 ns/op,    7946 B/op,      87 allocs/op
BenchmarkBackground,    2000,   1133348 ns/op,  284845 B/op,    1560 allocs/op
BenchmarkInit,       1,2718797940 ns/op,370673744 B/op, 4686662 allocs/op
BenchmarkGeneExpression,     500,   4738237 ns/op,  309314 B/op,    1681 allocs/op
BenchmarkAverageDiff,       1,1002824972 ns/op,  304264 B/op,    1734 allocs/op
BenchmarkStd,    1000,   2274269 ns/op,  305372 B/op,    1712 allocs/op
BenchmarkVariance,    1000,   2203022 ns/op,  305359 B/op,    1715 allocs/op
BenchmarkSetScale,   50000,     75360 ns/op,    7948 B/op,      87 allocs/op
BenchmarkBackground,    2000,   1141861 ns/op,  284899 B/op,    1560 allocs/op
BenchmarkInit,       1,2724745927 ns/op,370707984 B/op, 4686803 allocs/op
BenchmarkGeneExpression,     500,   4588730 ns/op,  309297 B/op,    1681 allocs/op
BenchmarkAverageDiff,       1,1003720425 ns/op,  304168 B/op,    1733 allocs/op
BenchmarkStd,    1000,   2235490 ns/op,  305235 B/op,    1712 allocs/op
BenchmarkVariance,    1000,   2223108 ns/op,  305093 B/op,    1715 allocs/op
BenchmarkSetScale,   50000,     77887 ns/op,    7948 B/op,      87 allocs/op
BenchmarkBackground,    2000,   1144632 ns/op,  284870 B/op,    1560 allocs/op
BenchmarkInit,       1,2704391308 ns/op,370755120 B/op, 4687055 allocs/op
BenchmarkGeneExpression,     500,   4803271 ns/op,  309205 B/op,    1681 allocs/op
BenchmarkAverageDiff,       1,1004344948 ns/op,  304264 B/op,    1733 allocs/op
BenchmarkStd,    1000,   2231244 ns/op,  305102 B/op,    1712 allocs/op
BenchmarkVariance,    1000,   2194390 ns/op,  304952 B/op,    1715 allocs/op
BenchmarkSetScale,   20000,     75653 ns/op,    7945 B/op,      87 allocs/op
BenchmarkBackground,    2000,   1142913 ns/op,  284854 B/op,    1560 allocs/op
BenchmarkInit,       1,3415611141 ns/op,370673040 B/op, 4686657 allocs/op
BenchmarkGeneExpression,     500,   4644584 ns/op,  309275 B/op,    1681 allocs/op
BenchmarkAverageDiff,       1,1002333974 ns/op,  304168 B/op,    1733 allocs/op
BenchmarkStd,    1000,   2213593 ns/op,  305451 B/op,    1712 allocs/op
BenchmarkVariance,    1000,   2167070 ns/op,  304751 B/op,    1715 allocs/op
BenchmarkSetScale,   20000,     80542 ns/op,    7946 B/op,      87 allocs/op
BenchmarkBackground,    2000,   1143197 ns/op,  284944 B/op,    1560 allocs/op
BenchmarkInit,       1,2697803741 ns/op,370666304 B/op, 4686624 allocs/op
BenchmarkGeneExpression,     500,   4640052 ns/op,  309253 B/op,    1681 allocs/op
BenchmarkAverageDiff,       1,1004036500 ns/op,  304264 B/op,    1733 allocs/op
BenchmarkStd,    1000,   2212585 ns/op,  305412 B/op,    1712 allocs/op
BenchmarkVariance,    1000,   2174828 ns/op,  305169 B/op,    1715 allocs/op
BenchmarkSetScale,   20000,     85577 ns/op,    7946 B/op,      87 allocs/op
BenchmarkBackground,    2000,   1142143 ns/op,  285062 B/op,    1561 allocs/op
BenchmarkInit,       1,2691149009 ns/op,370657280 B/op, 4686559 allocs/op
BenchmarkGeneExpression,     500,   4662397 ns/op,  309331 B/op,    1681 allocs/op
BenchmarkAverageDiff,       1,1002622618 ns/op,  304248 B/op,    1734 allocs/op
BenchmarkStd,    1000,   2199925 ns/op,  305473 B/op,    1712 allocs/op
BenchmarkVariance,    1000,   2176430 ns/op,  305094 B/op,    1715 allocs/op
BenchmarkSetScale,   20000,     82093 ns/op,    7946 B/op,      87 allocs/op
BenchmarkBackground,    2000,   1142139 ns/op,  284931 B/op,    1560 allocs/op
BenchmarkInit,       1,2703869805 ns/op,370778400 B/op, 4687142 allocs/op
BenchmarkGeneExpression,     500,   4752224 ns/op,  309255 B/op,    1681 allocs/op
BenchmarkAverageDiff,       1,1002875370 ns/op,  303560 B/op,    1735 allocs/op
BenchmarkStd,    1000,   2228533 ns/op,  305478 B/op,    1712 allocs/op
BenchmarkVariance,    1000,   2191849 ns/op,  305230 B/op,    1715 allocs/op
BenchmarkSetScale,   50000,     80537 ns/op,    7947 B/op,      87 allocs/op
BenchmarkBackground,    2000,   1142928 ns/op,  284857 B/op,    1560 allocs/op
BenchmarkInit,       1,2698068980 ns/op,370785776 B/op, 4687342 allocs/op
BenchmarkGeneExpression,     500,   5075834 ns/op,  309363 B/op,    1681 allocs/op
BenchmarkAverageDiff,       1,1002571742 ns/op,  304328 B/op,    1734 allocs/op
BenchmarkStd,    1000,   2226277 ns/op,  305516 B/op,    1712 allocs/op
BenchmarkVariance,    1000,   2213740 ns/op,  304821 B/op,    1715 allocs/op
BenchmarkSetScale,   20000,     76751 ns/op,    7946 B/op,      87 allocs/op
BenchmarkBackground,    2000,   1145072 ns/op,  284951 B/op,    1561 allocs/op
BenchmarkInit,       1,2710470679 ns/op,370748784 B/op, 4687132 allocs/op
BenchmarkGeneExpression,     500,   4954035 ns/op,  309236 B/op,    1681 allocs/op
BenchmarkAverageDiff,       1,1003721447 ns/op,  302664 B/op,    1722 allocs/op
BenchmarkStd,       1,1002540914 ns/op,  300088 B/op,    1682 allocs/op
BenchmarkVariance,       1,1002811191 ns/op,  300224 B/op,    1686 allocs/op
BenchmarkSetScale,   50000,     76281 ns/op,    7949 B/op,      87 allocs/op
BenchmarkBackground,    2000,   1143709 ns/op,  284761 B/op,    1561 allocs/op
BenchmarkInit,       1,2700014188 ns/op,370785040 B/op, 4687318 allocs/op
BenchmarkGeneExpression,     500,   4653770 ns/op,  309346 B/op,    1681 allocs/op
BenchmarkAverageDiff,       1,1003227556 ns/op,  303320 B/op,    1722 allocs/op
BenchmarkStd,       1,1004297667 ns/op,  300088 B/op,    1682 allocs/op
BenchmarkVariance,       1,1003577286 ns/op,  300224 B/op,    1686 allocs/op
BenchmarkSetScale,   50000,     78081 ns/op,    7949 B/op,      87 allocs/op
BenchmarkBackground,    2000,   1761778 ns/op,  284757 B/op,    1561 allocs/op
BenchmarkInit,       1,2736364682 ns/op,370830832 B/op, 4687546 allocs/op
BenchmarkGeneExpression,     500,   4775917 ns/op,  309367 B/op,    1681 allocs/op
BenchmarkAverageDiff,       1,1003320551 ns/op,  302712 B/op,    1723 allocs/op
BenchmarkStd,       1,1002709682 ns/op,  299416 B/op,    1683 allocs/op
BenchmarkVariance,       1,1002936414 ns/op,  300304 B/op,    1687 allocs/op
BenchmarkSetScale,   50000,     79129 ns/op,    7949 B/op,      87 allocs/op
BenchmarkBackground,    2000,   1148118 ns/op,  284749 B/op,    1560 allocs/op
BenchmarkInit,       1,2704748455 ns/op,370696032 B/op, 4686757 allocs/op
BenchmarkGeneExpression,     500,   4748432 ns/op,  309314 B/op,    1681 allocs/op
BenchmarkAverageDiff,       1,1003177159 ns/op,  303208 B/op,    1721 allocs/op
BenchmarkStd,       1,1003027213 ns/op,  300152 B/op,    1682 allocs/op
BenchmarkVariance,       1,1002653270 ns/op,  300224 B/op,    1686 allocs/op
BenchmarkSetScale,   50000,     76485 ns/op,    7949 B/op,      87 allocs/op
BenchmarkBackground,    2000,   1146996 ns/op,  284742 B/op,    1560 allocs/op
BenchmarkInit,       1,2695401685 ns/op,370728240 B/op, 4686910 allocs/op
BenchmarkGeneExpression,     500,   4896966 ns/op,  309328 B/op,    1681 allocs/op
BenchmarkAverageDiff,       1,1002499715 ns/op,  304616 B/op,    1726 allocs/op
BenchmarkStd,       1,1004518362 ns/op,  300168 B/op,    1683 allocs/op
BenchmarkVariance,       1,1004087992 ns/op,  300304 B/op,    1687 allocs/op
BenchmarkSetScale,   50000,     80539 ns/op,    7949 B/op,      87 allocs/op
BenchmarkBackground,    2000,   1140604 ns/op,  284747 B/op,    1560 allocs/op
BenchmarkInit,       1,2778025874 ns/op,370761088 B/op, 4687089 allocs/op
BenchmarkGeneExpression,     500,   4648428 ns/op,  309321 B/op,    1681 allocs/op
BenchmarkAverageDiff,       1,1003529559 ns/op,  303304 B/op,    1722 allocs/op
BenchmarkStd,       1,1004222412 ns/op,  300088 B/op,    1682 allocs/op
BenchmarkVariance,       1,1004229465 ns/op,  300224 B/op,    1686 allocs/op
BenchmarkSetScale,   50000,     76945 ns/op,    7949 B/op,      87 allocs/op
BenchmarkBackground,    2000,   1141564 ns/op,  284743 B/op,    1560 allocs/op
